{
  "hash": "596cb06c",
  "configHash": "64055d5a",
  "lockfileHash": "114d0c45",
  "browserHash": "df1482a1",
  "optimized": {
    "@angular/common": {
      "src": "../../../../../../node_modules/@angular/common/fesm2022/common.mjs",
      "file": "@angular_common.js",
      "fileHash": "3f9f1cf7",
      "needsInterop": false
    },
    "@angular/core": {
      "src": "../../../../../../node_modules/@angular/core/fesm2022/core.mjs",
      "file": "@angular_core.js",
      "fileHash": "3648ab9f",
      "needsInterop": false
    },
    "@angular/forms": {
      "src": "../../../../../../node_modules/@angular/forms/fesm2022/forms.mjs",
      "file": "@angular_forms.js",
      "fileHash": "4269055a",
      "needsInterop": false
    },
    "@angular/platform-browser": {
      "src": "../../../../../../node_modules/@angular/platform-browser/fesm2022/platform-browser.mjs",
      "file": "@angular_platform-browser.js",
      "fileHash": "64c5b01b",
      "needsInterop": false
    },
    "@angular/router": {
      "src": "../../../../../../node_modules/@angular/router/fesm2022/router.mjs",
      "file": "@angular_router.js",
      "fileHash": "913c09cf",
      "needsInterop": false
    },
    "@ionic/angular/standalone": {
      "src": "../../../../../../node_modules/@ionic/angular/fesm2022/ionic-angular-standalone.mjs",
      "file": "@ionic_angular_standalone.js",
      "fileHash": "8c4b9144",
      "needsInterop": false
    },
    "@ionic/storage": {
      "src": "../../../../../../node_modules/@ionic/storage/dist/esm/index.js",
      "file": "@ionic_storage.js",
      "fileHash": "07cb93e3",
      "needsInterop": false
    },
    "@ionic/storage-angular": {
      "src": "../../../../../../node_modules/@ionic/storage-angular/fesm2020/ionic-storage-angular.mjs",
      "file": "@ionic_storage-angular.js",
      "fileHash": "ba4b1ff7",
      "needsInterop": false
    },
    "firebase/app": {
      "src": "../../../../../../node_modules/firebase/app/dist/esm/index.esm.js",
      "file": "firebase_app.js",
      "fileHash": "8ed0448c",
      "needsInterop": false
    },
    "firebase/firestore": {
      "src": "../../../../../../node_modules/firebase/firestore/dist/esm/index.esm.js",
      "file": "firebase_firestore.js",
      "fileHash": "c677025f",
      "needsInterop": false
    },
    "rxjs": {
      "src": "../../../../../../node_modules/rxjs/dist/esm5/index.js",
      "file": "rxjs.js",
      "fileHash": "555f4838",
      "needsInterop": false
    },
    "zone.js": {
      "src": "../../../../../../node_modules/zone.js/fesm2015/zone.js",
      "file": "zone__js.js",
      "fileHash": "ec19b702",
      "needsInterop": true
    },
    "ionicons": {
      "src": "../../../../../../node_modules/ionicons/dist/index.js",
      "file": "ionicons.js",
      "fileHash": "8c0d67ce",
      "needsInterop": false
    },
    "ionicons/icons": {
      "src": "../../../../../../node_modules/ionicons/icons/index.mjs",
      "file": "ionicons_icons.js",
      "fileHash": "7a0a2a26",
      "needsInterop": false
    }
  },
  "chunks": {
    "index3-Q53EM7TL": {
      "file": "index3-Q53EM7TL.js"
    },
    "hardware-back-button-2U7WPDXH": {
      "file": "hardware-back-button-2U7WPDXH.js"
    },
    "swipe-back-GDKFHHSL": {
      "file": "swipe-back-GDKFHHSL.js"
    },
    "keyboard-WGGUYXWI": {
      "file": "keyboard-WGGUYXWI.js"
    },
    "index7-ZTCKEYRM": {
      "file": "index7-ZTCKEYRM.js"
    },
    "status-tap-GNDIDTIV": {
      "file": "status-tap-GNDIDTIV.js"
    },
    "input-shims-JNTZUG44": {
      "file": "input-shims-JNTZUG44.js"
    },
    "focus-visible-W32OS6X6": {
      "file": "focus-visible-W32OS6X6.js"
    },
    "chunk-AHLA3EWT": {
      "file": "chunk-AHLA3EWT.js"
    },
    "chunk-IUXA2G6D": {
      "file": "chunk-IUXA2G6D.js"
    },
    "chunk-6U2AQA2C": {
      "file": "chunk-6U2AQA2C.js"
    },
    "chunk-G5UZVNUA": {
      "file": "chunk-G5UZVNUA.js"
    },
    "chunk-IKS2SDKY": {
      "file": "chunk-IKS2SDKY.js"
    },
    "chunk-ZJZ6TNWX": {
      "file": "chunk-ZJZ6TNWX.js"
    },
    "chunk-L6ISKHKK": {
      "file": "chunk-L6ISKHKK.js"
    },
    "ios.transition-FWIUHZZS": {
      "file": "ios__transition-FWIUHZZS.js"
    },
    "chunk-HPKMSITY": {
      "file": "chunk-HPKMSITY.js"
    },
    "md.transition-Z2NDYWIE": {
      "file": "md__transition-Z2NDYWIE.js"
    },
    "chunk-3OIYIWAB": {
      "file": "chunk-3OIYIWAB.js"
    },
    "chunk-32MQANUS": {
      "file": "chunk-32MQANUS.js"
    },
    "chunk-CUTZDP4W": {
      "file": "chunk-CUTZDP4W.js"
    },
    "chunk-QEE7QVES": {
      "file": "chunk-QEE7QVES.js"
    },
    "chunk-4554YRK6": {
      "file": "chunk-4554YRK6.js"
    },
    "chunk-2H3NLAAY": {
      "file": "chunk-2H3NLAAY.js"
    },
    "chunk-TGAUJACW": {
      "file": "chunk-TGAUJACW.js"
    },
    "chunk-7ZMAH6QG": {
      "file": "chunk-7ZMAH6QG.js"
    },
    "chunk-2LKLXP7T": {
      "file": "chunk-2LKLXP7T.js"
    },
    "chunk-MSDTQO6Y": {
      "file": "chunk-MSDTQO6Y.js"
    },
    "chunk-7RUZ3A72": {
      "file": "chunk-7RUZ3A72.js"
    },
    "chunk-EE5SNJQU": {
      "file": "chunk-EE5SNJQU.js"
    },
    "chunk-YB2C65QT": {
      "file": "chunk-YB2C65QT.js"
    },
    "chunk-EBUB43G6": {
      "file": "chunk-EBUB43G6.js"
    },
    "chunk-KKWNQZCW": {
      "file": "chunk-KKWNQZCW.js"
    }
  }
}